{
  "world_matrix": [
    [
      0.9499044614231319,
      -0.014026825008685143,
      -0.3122254991966632,
      0.0
    ],
    [
      -0.021229150986973026,
      0.993789435154665,
      -0.1092331530413003,
      0.0
    ],
    [
      0.3118185968103925,
      0.1103893416736759,
      0.9437072405826132,
      0.0
    ],
    [
      10.482586860656738,
      12.017388343811035,
      31.568687438964847,
      1.0
    ]
  ],
  "focal_length_mm": 34.99999999999999,
  "film_width_mm": 35.999928000000004,
  "film_height_mm": 23.999952,
  "near_clip": 0.1,
  "far_clip": 10000.0
}