{
  "root_pos": [
    -0.168066,
    9.047448,
    -0.367253
  ],
  "root_rot": [
    90.0,
    -7.665482,
    90.0
  ],
  "joint_rot": {
    "Ankle_L": [
      -0.539714,
      2.481825,
      3.66535
    ],
    "Ankle_R": [
      -0.437844,
      0.583363,
      4.50489
    ],
    "Chest_M": [
      -0.0,
      0.0,
      -0.956427
    ],
    "Cup_L": [
      0.0,
      -0.0,
      0.0
    ],
    "Cup_R": [
      -0.0,
      0.0,
      -0.0
    ],
    "ElbowPart1_L": [
      -4.554895,
      -0.0,
      -0.0
    ],
    "ElbowPart1_R": [
      -0.080711,
      0.0,
      0.0
    ],
    "Elbow_L": [
      -34.754632,
      3.070498,
      73.530963
    ],
    "Elbow_R": [
      -37.497783,
      3.278331,
      70.552879
    ],
    "HeadEnd_M": [
      0.0,
      -0.0,
      -0.0
    ],
    "Head_M": [
      -0.0,
      0.0,
      -25.79651
    ],
    "HipPart1_L": [
      16.606508,
      -0.0,
      0.0
    ],
    "HipPart1_R": [
      17.700441,
      -0.0,
      -0.0
    ],
    "Hip_L": [
      0.092087,
      -3.97943,
      2.65021
    ],
    "Hip_R": [
      0.029301,
      -1.541902,
      2.177187
    ],
    "IndexFinger1_L": [
      -0.0,
      90.0,
      0.0
    ],
    "IndexFinger1_R": [
      0.0,
      90.0,
      0.0
    ],
    "IndexFinger2_L": [
      -0.0,
      90.0,
      0.0
    ],
    "IndexFinger2_R": [
      -0.0,
      90.0,
      0.0
    ],
    "IndexFinger3_L": [
      0.0,
      90.0,
      0.0
    ],
    "IndexFinger3_R": [
      -0.0,
      90.0,
      0.0
    ],
    "IndexFinger4_L": [
      -0.0,
      0.0,
      -0.0
    ],
    "IndexFinger4_R": [
      -0.0,
      0.0,
      0.0
    ],
    "Knee_L": [
      16.572181,
      1.082525,
      -7.540308
    ],
    "Knee_R": [
      17.663705,
      1.158413,
      -6.780901
    ],
    "MiddleFinger1_L": [
      -0.0,
      90.0,
      0.0
    ],
    "MiddleFinger1_R": [
      0.0,
      90.0,
      0.0
    ],
    "MiddleFinger2_L": [
      -0.0,
      90.0,
      0.0
    ],
    "MiddleFinger2_R": [
      0.0,
      90.0,
      0.0
    ],
    "MiddleFinger3_L": [
      -0.0,
      90.0,
      0.0
    ],
    "MiddleFinger3_R": [
      0.0,
      90.0,
      0.0
    ],
    "MiddleFinger4_L": [
      0.0,
      -0.0,
      -0.0
    ],
    "MiddleFinger4_R": [
      -0.0,
      -0.0,
      0.0
    ],
    "NeckPart1_M": [
      0.0,
      -0.0,
      12.497325
    ],
    "Neck_M": [
      0.0,
      0.0,
      12.497325
    ],
    "PinkyFinger1_L": [
      -0.0,
      90.0,
      0.0
    ],
    "PinkyFinger1_R": [
      -0.0,
      90.0,
      0.0
    ],
    "PinkyFinger2_L": [
      -0.0,
      90.0,
      0.0
    ],
    "PinkyFinger2_R": [
      -0.0,
      90.0,
      0.0
    ],
    "PinkyFinger3_L": [
      0.0,
      90.0,
      0.0
    ],
    "PinkyFinger3_R": [
      0.0,
      90.0,
      0.0
    ],
    "PinkyFinger4_L": [
      0.0,
      -0.0,
      -0.0
    ],
    "PinkyFinger4_R": [
      -0.0,
      -0.0,
      0.0
    ],
    "RingFinger1_L": [
      0.0,
      90.0,
      0.0
    ],
    "RingFinger1_R": [
      0.0,
      90.0,
      0.0
    ],
    "RingFinger2_L": [
      -0.0,
      90.0,
      0.0
    ],
    "RingFinger2_R": [
      -0.0,
      90.0,
      0.0
    ],
    "RingFinger3_L": [
      -0.0,
      90.0,
      0.0
    ],
    "RingFinger3_R": [
      0.0,
      90.0,
      0.0
    ],
    "RingFinger4_L": [
      0.0,
      -0.0,
      -0.0
    ],
    "RingFinger4_R": [
      -0.0,
      0.0,
      0.0
    ],
    "RootPart1_M": [
      -0.0,
      -0.0,
      0.0
    ],
    "Scapula_L": [
      -0.0,
      -0.0,
      -0.0
    ],
    "Scapula_R": [
      0.0,
      -0.0,
      0.0
    ],
    "ShoulderPart1_L": [
      -34.873005,
      -0.0,
      0.0
    ],
    "ShoulderPart1_R": [
      -37.619816,
      -0.0,
      0.0
    ],
    "Shoulder_L": [
      3.944749,
      42.330628,
      -10.165735
    ],
    "Shoulder_R": [
      4.547106,
      43.277835,
      -11.42989
    ],
    "Spine1Part1_M": [
      -0.0,
      0.0,
      -0.708045
    ],
    "Spine1_M": [
      0.0,
      -0.0,
      -0.708045
    ],
    "ThumbFinger1_L": [
      0.0,
      -0.0,
      -0.0
    ],
    "ThumbFinger1_R": [
      0.0,
      0.0,
      -0.0
    ],
    "ThumbFinger2_L": [
      -0.0,
      90.0,
      0.0
    ],
    "ThumbFinger2_R": [
      0.0,
      90.0,
      0.0
    ],
    "ThumbFinger3_L": [
      -0.0,
      90.0,
      0.0
    ],
    "ThumbFinger3_R": [
      0.0,
      90.0,
      0.0
    ],
    "ThumbFinger4_L": [
      0.0,
      -0.0,
      0.0
    ],
    "ThumbFinger4_R": [
      -0.0,
      -0.0,
      0.0
    ],
    "ToesEnd_L": [
      0.0,
      0.0,
      -0.0
    ],
    "ToesEnd_R": [
      -0.0,
      -0.0,
      0.0
    ],
    "Toes_L": [
      0.0,
      0.0,
      -0.0
    ],
    "Toes_R": [
      4.9e-05,
      -0.0,
      -0.0
    ],
    "Wrist_L": [
      -11.67161,
      18.03863,
      42.845517
    ],
    "Wrist_R": [
      -0.190482,
      0.245915,
      47.36472
    ],
    "Root_M": [
      0.0,
      0.0,
      0.0
    ]
  }
}