{
  "mesh": "brows_geo",
  "vertex_count": 72,
  "vertices": [
    [
      -0.8400970101356506,
      15.032793045043945,
      0.39615699648857117
    ],
    [
      -0.7774320244789124,
      15.115827560424805,
      0.52469402551651
    ],
    [
      -0.7921810150146484,
      15.158740997314453,
      0.5015550255775452
    ],
    [
      -0.8505290150642395,
      15.05252742767334,
      0.3792400062084198
    ],
    [
      -0.6606839895248413,
      15.15104866027832,
      0.6417930126190186
    ],
    [
      -0.6773849725723267,
      15.211095809936523,
      0.6316720247268677
    ],
    [
      -0.4921489953994751,
      15.12261962890625,
      0.7430269718170166
    ],
    [
      -0.49976199865341187,
      15.187661170959473,
      0.7472559809684753
    ],
    [
      -0.23554499447345734,
      15.057177543640137,
      0.7850800156593323
    ],
    [
      -0.26317399740219116,
      15.170833587646484,
      0.8146770000457764
    ],
    [
      -0.11859700083732605,
      15.04829216003418,
      0.8128420114517212
    ],
    [
      -0.12361600250005722,
      15.169835090637207,
      0.844389021396637
    ],
    [
      -0.8484179973602295,
      15.040751457214355,
      0.4012959897518158
    ],
    [
      -0.7985860109329224,
      15.115638732910156,
      0.5236960053443909
    ],
    [
      -0.8117820024490356,
      15.151891708374023,
      0.49974000453948975
    ],
    [
      -0.8601930141448975,
      15.057182312011719,
      0.3875589966773987
    ],
    [
      -0.6775360107421875,
      15.143333435058594,
      0.6645950078964233
    ],
    [
      -0.6930279731750488,
      15.194220542907715,
      0.6536059975624084
    ],
    [
      -0.4999150037765503,
      15.106010437011719,
      0.7891920208930969
    ],
    [
      -0.5073379874229431,
      15.161378860473633,
      0.793084979057312
    ],
    [
      -0.23738999664783478,
      15.041604995727539,
      0.8475239872932434
    ],
    [
      -0.2649179995059967,
      15.137922286987305,
      0.875872015953064
    ],
    [
      -0.12098100036382675,
      15.032512664794922,
      0.8807079792022705
    ],
    [
      -0.1269569993019104,
      15.135513305664062,
      0.9119859933853149
    ],
    [
      -0.8428549766540527,
      15.035432815551758,
      0.39785999059677124
    ],
    [
      -0.7844380140304565,
      15.115777015686035,
      0.5252590179443359
    ],
    [
      -0.6676880121231079,
      15.148491859436035,
      0.6513620018959045
    ],
    [
      -0.49741101264953613,
      15.117132186889648,
      0.7620779871940613
    ],
    [
      -0.23946599662303925,
      15.052018165588379,
      0.8121399879455566
    ],
    [
      -0.12304499745368958,
      15.043063163757324,
      0.8429039716720581
    ],
    [
      -0.12869299948215485,
      15.158461570739746,
      0.8742920160293579
    ],
    [
      -0.2673400044441223,
      15.159927368164062,
      0.8411039710044861
    ],
    [
      -0.5049989819526672,
      15.179007530212402,
      0.7660980224609375
    ],
    [
      -0.6838759779930115,
      15.205504417419434,
      0.6408039927482605
    ],
    [
      -0.7984319925308228,
      15.156482696533203,
      0.5017179846763611
    ],
    [
      -0.8537309765815735,
      15.054073333740234,
      0.3819969892501831
    ],
    [
      0.8400970101356506,
      15.032793045043945,
      0.39615699648857117
    ],
    [
      0.7774320244789124,
      15.115827560424805,
      0.52469402551651
    ],
    [
      0.7921810150146484,
      15.158740997314453,
      0.5015550255775452
    ],
    [
      0.8505290150642395,
      15.05252742767334,
      0.3792400062084198
    ],
    [
      0.6606839895248413,
      15.15104866027832,
      0.6417930126190186
    ],
    [
      0.6773849725723267,
      15.211095809936523,
      0.6316720247268677
    ],
    [
      0.4921489953994751,
      15.12261962890625,
      0.7430269718170166
    ],
    [
      0.49976199865341187,
      15.187661170959473,
      0.7472559809684753
    ],
    [
      0.23554499447345734,
      15.057177543640137,
      0.7850800156593323
    ],
    [
      0.26317399740219116,
      15.170833587646484,
      0.8146770000457764
    ],
    [
      0.11859700083732605,
      15.04829216003418,
      0.8128420114517212
    ],
    [
      0.12361600250005722,
      15.169835090637207,
      0.844389021396637
    ],
    [
      0.8484179973602295,
      15.040751457214355,
      0.4012959897518158
    ],
    [
      0.7985860109329224,
      15.115638732910156,
      0.5236960053443909
    ],
    [
      0.8117820024490356,
      15.151891708374023,
      0.49974000453948975
    ],
    [
      0.8601930141448975,
      15.057182312011719,
      0.3875589966773987
    ],
    [
      0.6775360107421875,
      15.143333435058594,
      0.6645950078964233
    ],
    [
      0.6930279731750488,
      15.194220542907715,
      0.6536059975624084
    ],
    [
      0.4999150037765503,
      15.106010437011719,
      0.7891920208930969
    ],
    [
      0.5073379874229431,
      15.161378860473633,
      0.793084979057312
    ],
    [
      0.23738999664783478,
      15.041604995727539,
      0.8475239872932434
    ],
    [
      0.2649179995059967,
      15.137922286987305,
      0.875872015953064
    ],
    [
      0.12098100036382675,
      15.032512664794922,
      0.8807079792022705
    ],
    [
      0.1269569993019104,
      15.135513305664062,
      0.9119859933853149
    ],
    [
      0.8428549766540527,
      15.035432815551758,
      0.39785999059677124
    ],
    [
      0.7844380140304565,
      15.115777015686035,
      0.5252590179443359
    ],
    [
      0.6676880121231079,
      15.148491859436035,
      0.6513620018959045
    ],
    [
      0.49741101264953613,
      15.117132186889648,
      0.7620779871940613
    ],
    [
      0.23946599662303925,
      15.052018165588379,
      0.8121399879455566
    ],
    [
      0.12304499745368958,
      15.043063163757324,
      0.8429039716720581
    ],
    [
      0.12869299948215485,
      15.158461570739746,
      0.8742920160293579
    ],
    [
      0.2673400044441223,
      15.159927368164062,
      0.8411039710044861
    ],
    [
      0.5049989819526672,
      15.179007530212402,
      0.7660980224609375
    ],
    [
      0.6838759779930115,
      15.205504417419434,
      0.6408039927482605
    ],
    [
      0.7984319925308228,
      15.156482696533203,
      0.5017179846763611
    ],
    [
      0.8537309765815735,
      15.054073333740234,
      0.3819969892501831
    ]
  ]
}