{
  "mesh": "l_lashes_geo",
  "vertex_count": 72,
  "vertices": [
    [
      0.31002700328826904,
      14.932202339172363,
      0.7369800209999084
    ],
    [
      0.45250600576400757,
      15.005778312683105,
      0.8122199773788452
    ],
    [
      0.45279499888420105,
      14.942712783813477,
      0.7118179798126221
    ],
    [
      0.3174149990081787,
      14.897276878356934,
      0.6994709968566895
    ],
    [
      0.22768500447273254,
      14.813719749450684,
      0.6921370029449463
    ],
    [
      0.23659400641918182,
      14.80860710144043,
      0.6728900074958801
    ],
    [
      0.22001199424266815,
      14.7070951461792,
      0.6416239738464355
    ],
    [
      0.22425800561904907,
      14.706559181213379,
      0.6396809816360474
    ],
    [
      0.22150899469852448,
      14.624746322631836,
      0.6250560283660889
    ],
    [
      0.223704993724823,
      14.627140045166016,
      0.6238790154457092
    ],
    [
      0.8299070000648499,
      14.921124458312988,
      0.5177969932556152
    ],
    [
      0.7866880297660828,
      14.864798545837402,
      0.43375900387763977
    ],
    [
      0.7588809728622437,
      14.852326393127441,
      0.43584099411964417
    ],
    [
      0.7423070073127747,
      14.901284217834473,
      0.47856399416923523
    ],
    [
      0.7927820086479187,
      15.020235061645508,
      0.6758210062980652
    ],
    [
      0.6922879815101624,
      14.926953315734863,
      0.5631660223007202
    ],
    [
      0.6295329928398132,
      15.030374526977539,
      0.7709630131721497
    ],
    [
      0.6024309992790222,
      14.948556900024414,
      0.6527280211448669
    ],
    [
      0.22289299964904785,
      14.62625503540039,
      0.62431401014328
    ],
    [
      0.2226880043745041,
      14.706755638122559,
      0.6403989791870117
    ],
    [
      0.23472200334072113,
      14.809610366821289,
      0.676563024520874
    ],
    [
      0.3236689865589142,
      14.900288581848145,
      0.7163010239601135
    ],
    [
      0.4636389911174774,
      14.933491706848145,
      0.7487900257110596
    ],
    [
      0.6211220026016235,
      14.952980041503906,
      0.7068089842796326
    ],
    [
      0.7299630045890808,
      14.9369535446167,
      0.6028429865837097
    ],
    [
      0.7816799879074097,
      14.893038749694824,
      0.4930660128593445
    ],
    [
      0.7691590189933777,
      14.853965759277344,
      0.4350709915161133
    ],
    [
      0.7601580023765564,
      14.852529525756836,
      0.4357450008392334
    ],
    [
      0.7472019791603088,
      14.900259017944336,
      0.4803670048713684
    ],
    [
      0.6969720125198364,
      14.928196907043457,
      0.5680990219116211
    ],
    [
      0.6047539710998535,
      14.94910717010498,
      0.6594510078430176
    ],
    [
      0.4541429877281189,
      14.941566467285156,
      0.7164149880409241
    ],
    [
      0.3181929886341095,
      14.897651672363281,
      0.7015630006790161
    ],
    [
      0.23636099696159363,
      14.808730125427246,
      0.6733459830284119
    ],
    [
      0.2240619957447052,
      14.706584930419922,
      0.639769971370697
    ],
    [
      0.2236039936542511,
      14.627029418945312,
      0.6239330172538757
    ],
    [
      -0.31002700328826904,
      14.932202339172363,
      0.7369800209999084
    ],
    [
      -0.45250600576400757,
      15.005778312683105,
      0.8122199773788452
    ],
    [
      -0.45279499888420105,
      14.942712783813477,
      0.7118179798126221
    ],
    [
      -0.3174149990081787,
      14.897276878356934,
      0.6994709968566895
    ],
    [
      -0.22768500447273254,
      14.813719749450684,
      0.6921370029449463
    ],
    [
      -0.23659400641918182,
      14.80860710144043,
      0.6728900074958801
    ],
    [
      -0.22001199424266815,
      14.7070951461792,
      0.6416239738464355
    ],
    [
      -0.22425800561904907,
      14.706559181213379,
      0.6396809816360474
    ],
    [
      -0.22150899469852448,
      14.624746322631836,
      0.6250560283660889
    ],
    [
      -0.223704993724823,
      14.627140045166016,
      0.6238790154457092
    ],
    [
      -0.8299070000648499,
      14.921124458312988,
      0.5177969932556152
    ],
    [
      -0.7866880297660828,
      14.864798545837402,
      0.43375900387763977
    ],
    [
      -0.7588809728622437,
      14.852326393127441,
      0.43584099411964417
    ],
    [
      -0.7423070073127747,
      14.901284217834473,
      0.47856399416923523
    ],
    [
      -0.7927820086479187,
      15.020235061645508,
      0.6758210062980652
    ],
    [
      -0.6922879815101624,
      14.926953315734863,
      0.5631660223007202
    ],
    [
      -0.6295329928398132,
      15.030374526977539,
      0.7709630131721497
    ],
    [
      -0.6024309992790222,
      14.948556900024414,
      0.6527280211448669
    ],
    [
      -0.22289299964904785,
      14.62625503540039,
      0.62431401014328
    ],
    [
      -0.2226880043745041,
      14.706755638122559,
      0.6403989791870117
    ],
    [
      -0.23472200334072113,
      14.809610366821289,
      0.676563024520874
    ],
    [
      -0.3236689865589142,
      14.900288581848145,
      0.7163010239601135
    ],
    [
      -0.4636389911174774,
      14.933491706848145,
      0.7487900257110596
    ],
    [
      -0.6211220026016235,
      14.952980041503906,
      0.7068089842796326
    ],
    [
      -0.7299630045890808,
      14.9369535446167,
      0.6028429865837097
    ],
    [
      -0.7816799879074097,
      14.893038749694824,
      0.4930660128593445
    ],
    [
      -0.7691590189933777,
      14.853965759277344,
      0.4350709915161133
    ],
    [
      -0.7601580023765564,
      14.852529525756836,
      0.4357450008392334
    ],
    [
      -0.7472019791603088,
      14.900259017944336,
      0.4803670048713684
    ],
    [
      -0.6969720125198364,
      14.928196907043457,
      0.5680990219116211
    ],
    [
      -0.6047539710998535,
      14.94910717010498,
      0.6594510078430176
    ],
    [
      -0.4541429877281189,
      14.941566467285156,
      0.7164149880409241
    ],
    [
      -0.3181929886341095,
      14.897651672363281,
      0.7015630006790161
    ],
    [
      -0.23636099696159363,
      14.808730125427246,
      0.6733459830284119
    ],
    [
      -0.2240619957447052,
      14.706584930419922,
      0.639769971370697
    ],
    [
      -0.2236039936542511,
      14.627029418945312,
      0.6239330172538757
    ]
  ]
}