{
  "root_pos": [
    1.146303046935755,
    9.028039285369289,
    -0.7992749016482292
  ],
  "root_rot": [
    90.0,
    -7.665482,
    90.0
  ],
  "joint_rot": {
    "Ankle_L": [
      -2.59221395714819,
      7.679663572451894,
      10.600609390051648
    ],
    "Ankle_R": [
      -3.3177412780698603,
      -0.5158990926187651,
      6.027255848464249
    ],
    "Chest_M": [
      5.948873133396165,
      5.50162276642854,
      4.820358531623448
    ],
    "Cup_L": [
      0.0,
      -0.0,
      0.0
    ],
    "Cup_R": [
      -0.0,
      0.0,
      -0.0
    ],
    "ElbowPart1_L": [
      -4.554895,
      -0.0,
      -0.0
    ],
    "ElbowPart1_R": [
      -0.080711,
      0.0,
      0.0
    ],
    "Elbow_L": [
      -34.754632,
      3.070498,
      78.35344649450583
    ],
    "Elbow_R": [
      -37.497783,
      3.278331,
      71.63747433300966
    ],
    "HeadEnd_M": [
      0.0,
      -0.0,
      -0.0
    ],
    "Head_M": [
      14.766506296276793,
      -17.96690451730444,
      -4.264243705233142
    ],
    "HipPart1_L": [
      16.606508,
      -0.0,
      0.0
    ],
    "HipPart1_R": [
      17.700441,
      -0.0,
      -0.0
    ],
    "Hip_L": [
      2.020829704481179,
      -12.55673113623612,
      6.563626213293929
    ],
    "Hip_R": [
      -0.36371027519006893,
      5.013366655109958,
      5.4002959003526385
    ],
    "IndexFinger1_L": [
      -0.0,
      90.0,
      0.0
    ],
    "IndexFinger1_R": [
      0.0,
      90.0,
      0.0
    ],
    "IndexFinger2_L": [
      -0.0,
      90.0,
      0.0
    ],
    "IndexFinger2_R": [
      -0.0,
      90.0,
      0.0
    ],
    "IndexFinger3_L": [
      0.0,
      90.0,
      0.0
    ],
    "IndexFinger3_R": [
      -0.0,
      90.0,
      0.0
    ],
    "IndexFinger4_L": [
      -0.0,
      0.0,
      -0.0
    ],
    "IndexFinger4_R": [
      -0.0,
      0.0,
      0.0
    ],
    "Knee_L": [
      16.572181,
      1.082525,
      -18.676419339008348
    ],
    "Knee_R": [
      17.663705,
      1.158413,
      8.827074596023486
    ],
    "MiddleFinger1_L": [
      -0.0,
      90.0,
      0.0
    ],
    "MiddleFinger1_R": [
      0.0,
      90.0,
      0.0
    ],
    "MiddleFinger2_L": [
      -0.0,
      90.0,
      0.0
    ],
    "MiddleFinger2_R": [
      0.0,
      90.0,
      0.0
    ],
    "MiddleFinger3_L": [
      -0.0,
      90.0,
      0.0
    ],
    "MiddleFinger3_R": [
      0.0,
      90.0,
      0.0
    ],
    "MiddleFinger4_L": [
      0.0,
      -0.0,
      -0.0
    ],
    "MiddleFinger4_R": [
      -0.0,
      -0.0,
      0.0
    ],
    "NeckPart1_M": [
      2.6574616100988964,
      3.1860435378988172,
      -1.218554069467043
    ],
    "Neck_M": [
      2.345790704119721,
      3.9206163525279973,
      6.600638352686191
    ],
    "PinkyFinger1_L": [
      -0.0,
      90.0,
      0.0
    ],
    "PinkyFinger1_R": [
      -0.0,
      90.0,
      0.0
    ],
    "PinkyFinger2_L": [
      -0.0,
      90.0,
      0.0
    ],
    "PinkyFinger2_R": [
      -0.0,
      90.0,
      0.0
    ],
    "PinkyFinger3_L": [
      0.0,
      90.0,
      0.0
    ],
    "PinkyFinger3_R": [
      0.0,
      90.0,
      0.0
    ],
    "PinkyFinger4_L": [
      0.0,
      -0.0,
      -0.0
    ],
    "PinkyFinger4_R": [
      -0.0,
      -0.0,
      0.0
    ],
    "RingFinger1_L": [
      0.0,
      90.0,
      0.0
    ],
    "RingFinger1_R": [
      0.0,
      90.0,
      0.0
    ],
    "RingFinger2_L": [
      -0.0,
      90.0,
      0.0
    ],
    "RingFinger2_R": [
      -0.0,
      90.0,
      0.0
    ],
    "RingFinger3_L": [
      -0.0,
      90.0,
      0.0
    ],
    "RingFinger3_R": [
      0.0,
      90.0,
      0.0
    ],
    "RingFinger4_L": [
      0.0,
      -0.0,
      -0.0
    ],
    "RingFinger4_R": [
      -0.0,
      0.0,
      0.0
    ],
    "RootPart1_M": [
      -0.41321927674115255,
      -0.3956396315270369,
      0.07739218839307258
    ],
    "Scapula_L": [
      -0.0,
      -0.0,
      -0.0
    ],
    "Scapula_R": [
      0.0,
      -0.0,
      0.0
    ],
    "ShoulderPart1_L": [
      -34.873005,
      -0.0,
      0.0
    ],
    "ShoulderPart1_R": [
      -37.619816,
      -0.0,
      0.0
    ],
    "Shoulder_L": [
      17.31175119581586,
      46.0697287466095,
      -10.916689544231943
    ],
    "Shoulder_R": [
      13.151314752849487,
      31.651194424325126,
      -2.781495898890075
    ],
    "Spine1Part1_M": [
      -0.058919706355422506,
      0.0,
      -1.593469022022033
    ],
    "Spine1_M": [
      -9.734119496271106,
      3.720850700295847,
      6.756999432077217
    ],
    "ThumbFinger1_L": [
      0.0,
      -0.0,
      -0.0
    ],
    "ThumbFinger1_R": [
      0.0,
      0.0,
      -0.0
    ],
    "ThumbFinger2_L": [
      -0.0,
      90.0,
      0.0
    ],
    "ThumbFinger2_R": [
      0.0,
      90.0,
      0.0
    ],
    "ThumbFinger3_L": [
      -0.0,
      90.0,
      0.0
    ],
    "ThumbFinger3_R": [
      0.0,
      90.0,
      0.0
    ],
    "ThumbFinger4_L": [
      0.0,
      -0.0,
      0.0
    ],
    "ThumbFinger4_R": [
      -0.0,
      -0.0,
      0.0
    ],
    "ToesEnd_L": [
      0.0,
      0.0,
      -0.0
    ],
    "ToesEnd_R": [
      -0.0,
      -0.0,
      0.0
    ],
    "Toes_L": [
      0.0,
      0.0,
      -0.0
    ],
    "Toes_R": [
      4.9e-05,
      -0.0,
      -0.0
    ],
    "Wrist_L": [
      -4.811628126325147,
      18.639373016756245,
      43.514421055756486
    ],
    "Wrist_R": [
      3.044697112774003,
      0.4135475446081378,
      46.288566580403106
    ],
    "Root_M": [
      0.0,
      0.0,
      0.0
    ]
  }
}